{
  "integrations": [
    {
      "id": "71de0b20-4463-440e-952a-d2aa3abc6cb9",
      "name": "Manage Traffic - Do Nothing Trigger",
      "action": "RUN_SCRIPT",
      "type": "INBOUND_WEBHOOK",
      "deployed": true,
      "form": "d1941c60-afe5-4370-91b8-2730685e23da",
      "environment": "HOSTED",
      "authType": "URL",
      "createdBy": "FLOW",
      "integrationScriptStepUuid": "619cfd72-cec3-4477-bf5b-743ee5fcf5ed"
    }
  ],
  "endpoints": [
    {
      "name": "New Endpoint",
      "baseUrl": "https://slack.com/api",
      "type": "EXTERNAL",
      "authentication": "OAUTH_SLACK"
    }
  ],
  "constants": []
}