[
  {
    "id": "2c6a875e-29fd-4e82-96f7-20e3b4efabca",
    "name": "Cloud Run - Manage Traffic",
    "description": "Redirects all traffic for a service to a given revision. If no revision is provided, 100% of traffic is moved to the most recent valid revision before the latest running revision.",
    "icon": "https://s3-xmatters-static.s3.amazonaws.com/null/customers/aa4ff4cd-06da-460c-b2d0-bb34ad66da69/IMAGE__20200603172044554__cloudrun.png",
    "script": "function valid(str) {\n    if (typeof(str) != 'string') {\n        return;\n    }\n    if (str.indexOf('\\\\') != -1 || str.indexOf('\\'') != -1) {\n        throw \"the \\\\ and ' characters are not allowed.\";\n    }\n}\n\nvalid(input['Service Name']);\nvalid(input['Revision Name']);\nvalid(input['Region']);\n\ntry\n{\n var Shell = require('xm-shell');\n}\ncatch (e)\n{\n console.log(\"Could not load library:\" + e);\n console.log(\"Running in cloud - exiting.\");\n}\n\nif (Object.getOwnPropertyNames(Shell).length === 0 )\n{\n //integration is running in the cloud\n console.log(\"Running in cloud - exiting.\");\n return;\n}\n\n// request the operating system name from the shell\nvar osname = Shell.osname();\n\nif (osname === 'Linux') {\n // create a script and pass some parameters into it.\n var script = Shell.script(function () {/*# script here\n region='${region}'\n service='${service}'\n gcloud run revisions list --platform=managed --region=${reg_var} --service=${ser_var} --format=json\n #end here*/},\n {region: input['Region'], service: input['Service Name'], reg_var: \"${region}\", ser_var: \"${service}\"});\n\n // Execute the script.\n var result = Shell.exec('bash', script);\n\n \n var revisionList = JSON.parse(result.output());\n if (result.exitCode() != 1) {\n    console.log(result.exitCode());\n    console.log(result.error());\n }\n \n var rollbackTo = \"\";\n \n if (typeof(input[\"Revision Name\"]) != 'undefined') { // Revision Name was included, check it exists\n    \n    console.log(\"Revision name included, checking if it's valid.\");\n \n     var found = false;\n     for (var i = 0; i < revisionList.length; i++) {\n        if (revisionList[i].metadata.name == input[\"Revision Name\"]) {\n            found = true;\n            for (j = 0; j < revisionList[i].status.conditions.length; j++) {\n                currentStatus = revisionList[i].status.conditions[j];\n                if (currentStatus.type == \"ContainerHealthy\" && currentStatus.status == \"False\") {\n                    console.log(\"WARNING: the revision you have chosen seems to be unhealthy and may fail to run\");\n                }\n            }\n        }\n     }\n     \n     if (!found) {\n        throw \"unable to find revision\";\n     }\n     \n     rollbackTo = input[\"Revision Name\"];\n     \n } else { // Revision Name wasn't included, pick the last revision\n \n    console.log(\"Revision name not found, trying to find the previous revision\");\n \n    newestRevisionRunning = \"\";\n    possibleRevisions = []; // revisionnames that are healthy\n    \n    console.log(revisionList);\n    \n    for (var i = 0; i < revisionList.length; i++) {\n        for (var j = 0; j < revisionList[i].status.conditions.length; j++) {\n            currentStatus = revisionList[i].status.conditions[j];\n            if (currentStatus.type == \"Active\" && currentStatus.status == \"True\") { // See if revision is running\n                if (revisionList[i].metadata.name > newestRevisionRunning) { // Changes here could make it find the oldest running revision\n                    newestRevisionRunning = revisionList[i].metadata.name;\n                }\n            }\n            \n            // Add healthy revisions to possibleRevisions\n            if (currentStatus.type == \"ContainerHealthy\" && currentStatus.status == \"True\") {\n                possibleRevisions.push(revisionList[i].metadata.name);\n            }\n        }\n    }\n    \n    for (var i = 0; i < possibleRevisions.length; i++) {\n        revisionName = possibleRevisions[i];\n        if (revisionName < newestRevisionRunning && revisionName > rollbackTo) {\n            rollbackTo = revisionName;\n        }\n    }\n }\n \n console.log(\"Attempting to roll back to revision: \" + rollbackTo);\n \n // divert service traffic to rollbackTo revision\n var rollbackscript = Shell.script(function () {/*# script here\n region='${region}'\n service='${service}'\n revision='${revision}'\n timeout 2m gcloud run services update-traffic ${ser_var} --platform=managed --region=${reg_var} --format=json --to-revisions=${rev_var}=100\n #end here*/},\n {region: input['Region'], service: input['Service Name'], revision: rollbackTo, ser_var:\"${service}\", reg_var:\"${region}\", rev_var:\"${revision}\"});\n\n // Execute the script.\n try {\n     var result = Shell.exec('bash', rollbackscript);\n     var json = JSON.parse(result.output());\n     if (result.exitCode() != 1) {\n        console.log(result.exitCode());\n        console.log(result.error());\n     }\n    output['json'] = json;\n    output['success'] = true;\n } catch (e) {\n    output['success'] = false;\n }\n}",
    "allowedEnvironment": "ONPREMISE",
    "accessibleByAll": "NotShared",
    "scriptStepType": "USER",
    "inputs": [
      {
        "id": "2309d97d-c149-4dc2-a8ae-d4ee42f5fa86",
        "name": "Service Name",
        "helpText": "Name of service to manage traffic. (us-west1, europe-west1, etc)",
        "defaultValue": "",
        "multiline": false,
        "required": true,
        "maxLength": 2000,
        "minLength": 0,
        "position": 0
      },
      {
        "id": "c7d1537d-7f5d-4e1c-a909-7a51596acb0e",
        "name": "Revision Name",
        "helpText": "Revision to move traffic to. By default, will move traffic to previous revision.",
        "defaultValue": "",
        "multiline": false,
        "required": false,
        "maxLength": 2000,
        "minLength": 0,
        "position": 1
      },
      {
        "id": "14f33dfd-ff79-4dfb-86e4-ed2bfa0e5246",
        "name": "Region",
        "helpText": "Region where the service is located",
        "defaultValue": "",
        "multiline": false,
        "required": true,
        "maxLength": 2000,
        "minLength": 0,
        "position": 2
      }
    ],
    "outputs": [
      {
        "id": "f670201a-5b53-4662-a815-471c1f8f6694",
        "name": "json",
        "position": 0
      },
      {
        "id": "c434eb0c-b100-4aa5-9adc-7f6510367842",
        "name": "success",
        "position": 1
      }
    ],
    "libraries": []
  },
  {
    "id": "619cfd72-cec3-4477-bf5b-743ee5fcf5ed",
    "name": "Do Nothing Trigger",
    "description": "Just triggers a flow",
    "icon": "/static/images/script_steps/http-trigger.png",
    "script": "//",
    "endpointLabel": "",
    "allowedEnvironment": "HOSTED",
    "accessibleByAll": "NotShared",
    "scriptStepType": "CUSTOM_HTTP",
    "inputs": [],
    "outputs": [
      {
        "id": "a5e90d11-0084-436c-907a-a6d1470d9f01",
        "name": "Data",
        "description": "",
        "position": 0
      }
    ],
    "libraries": []
  }
]