{
  "name": "Manage Traffic",
  "form": "d1941c60-afe5-4370-91b8-2730685e23da",
  "blocks": [
    {
      "id": "9686a907-8a38-43d2-8a87-7fdd85a9b5bf",
      "label": "Cloud Run - Manage Traffic",
      "environment": "ONPREMISE",
      "presentation": "{\"w\":60,\"x\":221,\"h\":60,\"y\":40}",
      "step": "2c6a875e-29fd-4e82-96f7-20e3b4efabca",
      "stepType": "SCRIPT_STEP",
      "inputMappings": [
        {
          "inputPort": "input",
          "mapping": "emu-front",
          "stepInput": "2309d97d-c149-4dc2-a8ae-d4ee42f5fa86"
        },
        {
          "inputPort": "input",
          "mapping": "us-west1",
          "stepInput": "14f33dfd-ff79-4dfb-86e4-ed2bfa0e5246"
        }
      ]
    },
    {
      "id": "37f4b690-f237-4712-a9b4-9713808df7b2",
      "label": "Manage Traffic - Do Nothing Trigger",
      "environment": "HOSTED",
      "presentation": "{\"w\":60,\"x\":0,\"h\":60,\"y\":40}",
      "step": "71de0b20-4463-440e-952a-d2aa3abc6cb9",
      "stepType": "INTEGRATION"
    }
  ],
  "edges": [
    {
      "fromBlock": "37f4b690-f237-4712-a9b4-9713808df7b2",
      "fromPort": "output",
      "toBlock": "9686a907-8a38-43d2-8a87-7fdd85a9b5bf",
      "toPort": "input"
    }
  ]
}